S.NO,movies_name,actor,actress,year,director_name,music_ name
1,BEAST,VIJAY,POOJAHEGDE,2022,NELSON,ANIRUDH
2,ET,SURIYA,PRIYANKA MOHAN,2021,PANDIRAJ,D IMMAN
3,VALIMAI,AJITH,HEUMA QUERESHI,2021,H VINOTH,YUVAN
4,ANNATHAE, RAJANIKANTH,KEERTHI SURESH,2021,SIVA,D IMMAN
5,DOCTOR,SIVAKARTHIKEYAN,PRIYANKA MOHAN,2021,NELSON,ANIRUDH
6,MAHAAN,VIKRAM,SIMRAN,2022,KARTHICK SUBBURAJ,SANA
7,ANJAAN,SURIYA,SAMANTHA,2014,LINGUSAMY,YUVAN
8,MASTER,VIJAY,MALAVIKA MOHAN,2021,LOKESH ,ANIRUDH
9,SOORARAIPOTTRU,SURIYA,APARNA ,2020,SUDHA KOONGARA,GVP
10,MERSAL,VIJAY,KAJAL,2107,ATLEE,ARR
